[
  {
    "id": "KBV-BVB-PT-0001",
    "title": "Hemiparese/Monoparese nach Schlaganfall",
    "heilmittelbereich": "PT",
    "diagnosegruppe": "EX3",
    "icd10_primary": [
      "G81.*",
      "G80.*"
    ],
    "icd10_secondary_any": [
      "I69.*"
    ],
    "requires_secondary_icd": true,
    "age_min": null,
    "age_max": null,
    "months_since_event_max": null,
    "kbv_version_date": "2025-01-01",
    "evidence": "KBV Diagnoseliste 2025-01, PT/EX3"
  },
  {
    "id": "KBV-BVB-LT-0002",
    "title": "Aphasie nach zerebraler Ischämie",
    "heilmittelbereich": "LT",
    "diagnosegruppe": "SP3",
    "icd10_primary": [
      "R47.0",
      "R47.1"
    ],
    "icd10_secondary_any": [
      "I69.3",
      "I69.4",
      "I69.8"
    ],
    "requires_secondary_icd": true,
    "kbv_version_date": "2025-01-01",
    "evidence": "KBV Diagnoseliste 2025-01, LT/SP3"
  },
  {
    "id": "KBV-BVB-ET-0003",
    "title": "Morbus Parkinson (Extraber.)",
    "heilmittelbereich": "ET",
    "diagnosegruppe": "EX2",
    "icd10_primary": [
      "G20.*"
    ],
    "requires_secondary_icd": false,
    "kbv_version_date": "2025-01-01",
    "evidence": "KBV Diagnoseliste 2025-01, ET/EX2"
  }
]